{
	"customers":[
	{"email":"pedro@gmail.com","name":"Pedro Perez","phone":"3118747755","address":"cll 69 A 17 30"}
],
	"products":[
		{"sku":1,"name":"gaseosa","stock":"100","price":"2000","discount":"15%","iniDate":"12/12/2015","endDate":"31/12/2015"},
		{"sku":2,"name":"cerveza","stock":"1000","price":"2500","discount":"5%","iniDate":"12/12/2015","endDate":"31/12/2015"},
		{"sku":3,"name":"chiclets","stock":"200","price":"1500","discount":"10%","iniDate":"12/12/2015","endDate":"31/12/2015"},
		{"sku":4,"name":"pan","stock":"200","price":"500","discount":"0%","iniDate":"12/12/2015","endDate":"31/12/2015"},
		{"sku":5,"name":"chiclets","stock":"200","price":"1500","discount":"10%","iniDate":"12/12/2015","endDate":"31/12/2015"}
	]
}