[
    {
        "id": "1",
        "fname": "Antoinette",
        "lname": "Mcdermott",
        "alias": "MCAntonny",
        "location": "263 Pulvinar Ave",
        "city": "Olive Branch",
        "reputation": "ND",
        "member": "26844",
        "img":"img/001.jpg"
    },
    {
        "id": "2",
        "fname": "Bettye",
        "lname": "Boomer",
        "alias": "Bett",
        "location": "6033 Lacus Rd",
        "city": "Apopka",
        "reputation": "ME",
        "member": "85927",
        "img":"img/002.jpg"
    },
    {
        "id": "3",
        "fname": "Jaroslava",
        "lname": "Gardenhour",
        "alias": "Jagar",
        "location": "9498 Tincidunt Dr",
        "city": "State College",
        "reputation": "WI",
        "member": "40536",
        "img":"img/003.jpg"
    },
    {
        "id": "4",
        "fname": "Quamika",
        "lname": "Lyman",
        "alias": "Qualy",
        "location": "6118 Dolor Ln",
        "city": "Peabody",
        "reputation": "MD",
        "member": "83991",
        "img":"img/004.jpg"
    },
    {
        "id": "5",
        "fname": "Araceli",
        "lname": "Kamradt",
        "alias": "Arkam",
        "location": "887 Ipsum Ln",
        "city": "E. Lansing",
        "reputation": "DC",
        "member": "35506",
        "img":"img/005.jpg"
    },
    {
        "id": "6",
        "fname": "Donald",
        "lname": "Tester",
        "alias": "DonTes",
        "location": "2947 Lacus Dr",
        "city": "Kingsley",
        "reputation": "NC",
        "member": "39651",
        "img":"img/006.jpg"
    },
    {
        "id": "7",
        "fname": "Gayle",
        "lname": "Boomer",
        "alias": "gayboom",
        "location": "8616 Amet Rd",
        "city": "Brodhead",
        "reputation": "WA",
        "member": "13153",
        "img":"img/007.jpg"
    },
    {
        "id": "8",
        "fname": "Farzana",
        "lname": "Douglas",
        "alias": "Fardo",
        "location": "7125 Id Ct",
        "city": "Dallas",
        "reputation": "NH",
        "member": "30002",
        "img":"img/008.jpg"
    },
    {
        "id": "9",
        "fname": "Chari",
        "lname": "Davis",
        "alias": "Charida",
        "address": "9827 Et Rd",
        "city": "Eglin Afb",
        "reputation": "NH",
        "member": "77341",
        "img":"img/009.jpg"
    },
    {
        "id": "10",
        "fname": "Hiam",
        "lname": "Giera",
        "alias": "Hiamgi",
        "location": "6907 Malesuada Ave",
        "city": "Long Beach",
        "reputation": "NE",
        "member": "35078",
        "img":"img/010.jpg"
    }
]